image_path,label
data/unseen_characters/Ahsoka_Tano/000064.jpg,hero
data/unseen_characters/Ahsoka_Tano/000066.jpg,hero
data/unseen_characters/Ahsoka_Tano/000011.jpg,hero
data/unseen_characters/Ahsoka_Tano/000031.jpg,hero
data/unseen_characters/Ahsoka_Tano/000044.jpg,hero
data/unseen_characters/Ahsoka_Tano/000035.jpg,hero
data/unseen_characters/Ahsoka_Tano/000018.jpg,hero
data/unseen_characters/Ahsoka_Tano/000022.jpg,hero
data/unseen_characters/Ahsoka_Tano/000019.jpg,hero
data/unseen_characters/Ahsoka_Tano/000003.jpg,hero
data/unseen_characters/Ahsoka_Tano/000020.jpg,hero
data/unseen_characters/Ahsoka_Tano/000034.jpg,hero
data/unseen_characters/Ahsoka_Tano/000056.jpg,hero
data/unseen_characters/Ahsoka_Tano/000046.jpg,hero
data/unseen_characters/Ahsoka_Tano/000065.jpg,hero
data/unseen_characters/Ahsoka_Tano/000004.jpg,hero
data/unseen_characters/Ahsoka_Tano/000042.jpg,hero
data/unseen_characters/Ahsoka_Tano/000016.jpg,hero
data/unseen_characters/Ahsoka_Tano/000061.jpg,hero
data/unseen_characters/Ahsoka_Tano/000050.jpg,hero
data/unseen_characters/Ahsoka_Tano/000048.jpg,hero
data/unseen_characters/Ahsoka_Tano/000055.jpg,hero
data/unseen_characters/Ahsoka_Tano/000063.jpg,hero
data/unseen_characters/Ahsoka_Tano/000027.jpg,hero
data/unseen_characters/Ahsoka_Tano/000028.jpg,hero
data/unseen_characters/Ahsoka_Tano/000002.jpg,hero
data/unseen_characters/Ahsoka_Tano/000040.jpg,hero
data/unseen_characters/Ahsoka_Tano/000062.jpg,hero
data/unseen_characters/Ahsoka_Tano/000017.jpg,hero
data/unseen_characters/Ahsoka_Tano/000029.jpg,hero
data/unseen_characters/Ahsoka_Tano/000059.jpg,hero
data/unseen_characters/Ahsoka_Tano/000036.jpg,hero
data/unseen_characters/Ahsoka_Tano/000060.jpg,hero
data/unseen_characters/Ahsoka_Tano/000033.jpg,hero
data/unseen_characters/Ahsoka_Tano/000037.jpg,hero
data/unseen_characters/Ahsoka_Tano/000013.jpg,hero
data/unseen_characters/Ahsoka_Tano/000030.jpg,hero
data/unseen_characters/Ahsoka_Tano/000010.jpg,hero
data/unseen_characters/Ahsoka_Tano/000067.jpg,hero
data/unseen_characters/Ahsoka_Tano/000058.jpg,hero
data/unseen_characters/Ahsoka_Tano/000025.jpg,hero
data/unseen_characters/Ahsoka_Tano/000009.jpg,hero
data/unseen_characters/Ahsoka_Tano/000057.jpg,hero
data/unseen_characters/Ahsoka_Tano/000007.jpg,hero
data/unseen_characters/Ahsoka_Tano/000014.jpg,hero
data/unseen_characters/Ahsoka_Tano/000047.jpg,hero
data/unseen_characters/Ahsoka_Tano/000024.jpg,hero
data/unseen_characters/Ahsoka_Tano/000026.jpg,hero
data/unseen_characters/Ahsoka_Tano/000041.jpg,hero
data/unseen_characters/Ahsoka_Tano/000051.jpg,hero
data/unseen_characters/Ahsoka_Tano/000012.jpg,hero
data/unseen_characters/Ahsoka_Tano/000015.jpg,hero
data/unseen_characters/Ahsoka_Tano/000032.jpg,hero
data/unseen_characters/Ahsoka_Tano/000006.jpg,hero
data/unseen_characters/Ahsoka_Tano/000005.jpg,hero
data/unseen_characters/Ahsoka_Tano/000021.jpg,hero
data/unseen_characters/Ahsoka_Tano/000008.jpg,hero
data/unseen_characters/Ahsoka_Tano/000052.jpg,hero
data/unseen_characters/Ahsoka_Tano/000023.jpg,hero
data/unseen_characters/Ahsoka_Tano/000043.jpg,hero
data/unseen_characters/Ahsoka_Tano/000038.jpg,hero
data/unseen_characters/Ahsoka_Tano/000053.jpg,hero
data/unseen_characters/Ahsoka_Tano/000049.jpg,hero
data/unseen_characters/Ahsoka_Tano/000045.jpg,hero
data/unseen_characters/Ahsoka_Tano/000001.jpg,hero
data/unseen_characters/Ahsoka_Tano/000054.jpg,hero
data/unseen_characters/Ahsoka_Tano/000039.jpg,hero
data/unseen_characters/Captain_Rex/000024.jpg,hero
data/unseen_characters/Captain_Rex/000019.jpg,hero
data/unseen_characters/Captain_Rex/000032.jpg,hero
data/unseen_characters/Captain_Rex/000060.jpg,hero
data/unseen_characters/Captain_Rex/000023.jpg,hero
data/unseen_characters/Captain_Rex/000011.jpg,hero
data/unseen_characters/Captain_Rex/000022.jpg,hero
data/unseen_characters/Captain_Rex/000056.jpg,hero
data/unseen_characters/Captain_Rex/000039.jpg,hero
data/unseen_characters/Captain_Rex/000049.jpg,hero
data/unseen_characters/Captain_Rex/000034.jpg,hero
data/unseen_characters/Captain_Rex/000036.jpg,hero
data/unseen_characters/Captain_Rex/000037.jpg,hero
data/unseen_characters/Captain_Rex/000042.jpg,hero
data/unseen_characters/Captain_Rex/000050.jpg,hero
data/unseen_characters/Captain_Rex/000040.jpg,hero
data/unseen_characters/Captain_Rex/000044.jpg,hero
data/unseen_characters/Captain_Rex/000009.jpg,hero
data/unseen_characters/Captain_Rex/000035.jpg,hero
data/unseen_characters/Captain_Rex/000010.jpg,hero
data/unseen_characters/Captain_Rex/000025.jpg,hero
data/unseen_characters/Captain_Rex/000053.jpg,hero
data/unseen_characters/Captain_Rex/000061.jpg,hero
data/unseen_characters/Captain_Rex/000002.jpg,hero
data/unseen_characters/Captain_Rex/000033.jpg,hero
data/unseen_characters/Captain_Rex/000001.jpg,hero
data/unseen_characters/Captain_Rex/000045.jpg,hero
data/unseen_characters/Captain_Rex/000043.jpg,hero
data/unseen_characters/Captain_Rex/000012.jpg,hero
data/unseen_characters/Captain_Rex/000015.jpg,hero
data/unseen_characters/Captain_Rex/000052.jpg,hero
data/unseen_characters/Captain_Rex/000062.jpg,hero
data/unseen_characters/Captain_Rex/000017.jpg,hero
data/unseen_characters/Captain_Rex/000041.jpg,hero
data/unseen_characters/Captain_Rex/000059.jpg,hero
data/unseen_characters/Captain_Rex/000046.jpg,hero
data/unseen_characters/Captain_Rex/000014.jpg,hero
data/unseen_characters/Captain_Rex/000018.jpg,hero
data/unseen_characters/Captain_Rex/000004.jpg,hero
data/unseen_characters/Captain_Rex/000005.jpg,hero
data/unseen_characters/Captain_Rex/000055.jpg,hero
data/unseen_characters/Captain_Rex/000057.jpg,hero
data/unseen_characters/Captain_Rex/000058.jpg,hero
data/unseen_characters/Captain_Rex/000029.jpg,hero
data/unseen_characters/Captain_Rex/000020.jpg,hero
data/unseen_characters/Captain_Rex/000026.jpg,hero
data/unseen_characters/Captain_Rex/000054.jpg,hero
data/unseen_characters/Captain_Rex/000007.jpg,hero
data/unseen_characters/Captain_Rex/000051.jpg,hero
data/unseen_characters/Captain_Rex/000021.jpg,hero
data/unseen_characters/Captain_Rex/000013.jpg,hero
data/unseen_characters/Captain_Rex/000016.jpg,hero
data/unseen_characters/Captain_Rex/000008.jpg,hero
data/unseen_characters/Captain_Rex/000030.jpg,hero
data/unseen_characters/Captain_Rex/000031.jpg,hero
data/unseen_characters/Captain_Rex/000028.jpg,hero
data/unseen_characters/Captain_Rex/000047.jpg,hero
data/unseen_characters/Captain_Rex/000038.jpg,hero
data/unseen_characters/Captain_Rex/000048.jpg,hero
data/unseen_characters/Captain_Rex/000006.jpg,hero
data/unseen_characters/Captain_Rex/000003.jpg,hero
data/unseen_characters/Captain_Rex/000063.jpg,hero
data/unseen_characters/Captain_Rex/000027.jpg,hero
data/unseen_characters/Cassian_Andor/000007.jpg,hero
data/unseen_characters/Cassian_Andor/000060.jpg,hero
data/unseen_characters/Cassian_Andor/000037.jpg,hero
data/unseen_characters/Cassian_Andor/000014.jpg,hero
data/unseen_characters/Cassian_Andor/000029.jpg,hero
data/unseen_characters/Cassian_Andor/000055.jpg,hero
data/unseen_characters/Cassian_Andor/000012.jpg,hero
data/unseen_characters/Cassian_Andor/000023.jpg,hero
data/unseen_characters/Cassian_Andor/000064.jpg,hero
data/unseen_characters/Cassian_Andor/000050.jpg,hero
data/unseen_characters/Cassian_Andor/000045.jpg,hero
data/unseen_characters/Cassian_Andor/000028.jpg,hero
data/unseen_characters/Cassian_Andor/000065.jpg,hero
data/unseen_characters/Cassian_Andor/000015.jpg,hero
data/unseen_characters/Cassian_Andor/000041.jpg,hero
data/unseen_characters/Cassian_Andor/000033.jpg,hero
data/unseen_characters/Cassian_Andor/000054.jpg,hero
data/unseen_characters/Cassian_Andor/000021.jpg,hero
data/unseen_characters/Cassian_Andor/000011.jpg,hero
data/unseen_characters/Cassian_Andor/000025.jpg,hero
data/unseen_characters/Cassian_Andor/000022.jpg,hero
data/unseen_characters/Cassian_Andor/000009.jpg,hero
data/unseen_characters/Cassian_Andor/000040.jpg,hero
data/unseen_characters/Cassian_Andor/000051.jpg,hero
data/unseen_characters/Cassian_Andor/000027.jpg,hero
data/unseen_characters/Cassian_Andor/000004.jpg,hero
data/unseen_characters/Cassian_Andor/000008.jpg,hero
data/unseen_characters/Cassian_Andor/000047.jpg,hero
data/unseen_characters/Cassian_Andor/000005.jpg,hero
data/unseen_characters/Cassian_Andor/000006.jpg,hero
data/unseen_characters/Cassian_Andor/000059.jpg,hero
data/unseen_characters/Cassian_Andor/000024.jpg,hero
data/unseen_characters/Cassian_Andor/000057.jpg,hero
data/unseen_characters/Cassian_Andor/000013.jpg,hero
data/unseen_characters/Cassian_Andor/000010.jpg,hero
data/unseen_characters/Cassian_Andor/000002.jpg,hero
data/unseen_characters/Cassian_Andor/000042.jpg,hero
data/unseen_characters/Cassian_Andor/000017.jpg,hero
data/unseen_characters/Cassian_Andor/000044.jpg,hero
data/unseen_characters/Cassian_Andor/000048.jpg,hero
data/unseen_characters/Cassian_Andor/000046.jpg,hero
data/unseen_characters/Cassian_Andor/000036.jpg,hero
data/unseen_characters/Cassian_Andor/000052.jpg,hero
data/unseen_characters/Cassian_Andor/000038.jpg,hero
data/unseen_characters/Cassian_Andor/000003.jpg,hero
data/unseen_characters/Cassian_Andor/000031.jpg,hero
data/unseen_characters/Cassian_Andor/000016.jpg,hero
data/unseen_characters/Cassian_Andor/000043.jpg,hero
data/unseen_characters/Cassian_Andor/000058.jpg,hero
data/unseen_characters/Cassian_Andor/000018.jpg,hero
data/unseen_characters/Cassian_Andor/000030.jpg,hero
data/unseen_characters/Cassian_Andor/000032.jpg,hero
data/unseen_characters/Cassian_Andor/000056.jpg,hero
data/unseen_characters/Cassian_Andor/000053.jpg,hero
data/unseen_characters/Cassian_Andor/000039.jpg,hero
data/unseen_characters/Cassian_Andor/000020.jpg,hero
data/unseen_characters/Cassian_Andor/000001.jpg,hero
data/unseen_characters/Cassian_Andor/000062.jpg,hero
data/unseen_characters/Cassian_Andor/000026.jpg,hero
data/unseen_characters/Cassian_Andor/000035.jpg,hero
data/unseen_characters/Cassian_Andor/000019.jpg,hero
data/unseen_characters/Cassian_Andor/000061.jpg,hero
data/unseen_characters/Cassian_Andor/000063.jpg,hero
data/unseen_characters/Cassian_Andor/000034.jpg,hero
data/unseen_characters/Cassian_Andor/000049.jpg,hero
data/unseen_characters/Mon_Mothma/000054.jpg,hero
data/unseen_characters/Mon_Mothma/000067.jpg,hero
data/unseen_characters/Mon_Mothma/000002.jpg,hero
data/unseen_characters/Mon_Mothma/000062.jpg,hero
data/unseen_characters/Mon_Mothma/000009.jpg,hero
data/unseen_characters/Mon_Mothma/000014.jpg,hero
data/unseen_characters/Mon_Mothma/000056.jpg,hero
data/unseen_characters/Mon_Mothma/000013.jpg,hero
data/unseen_characters/Mon_Mothma/000011.jpg,hero
data/unseen_characters/Mon_Mothma/000050.jpg,hero
data/unseen_characters/Mon_Mothma/000044.jpg,hero
data/unseen_characters/Mon_Mothma/000032.jpg,hero
data/unseen_characters/Mon_Mothma/000070.jpg,hero
data/unseen_characters/Mon_Mothma/000028.jpg,hero
data/unseen_characters/Mon_Mothma/000038.jpg,hero
data/unseen_characters/Mon_Mothma/000027.jpg,hero
data/unseen_characters/Mon_Mothma/000047.jpg,hero
data/unseen_characters/Mon_Mothma/000057.jpg,hero
data/unseen_characters/Mon_Mothma/000059.jpg,hero
data/unseen_characters/Mon_Mothma/000012.jpg,hero
data/unseen_characters/Mon_Mothma/000015.jpg,hero
data/unseen_characters/Mon_Mothma/000049.jpg,hero
data/unseen_characters/Mon_Mothma/000006.jpg,hero
data/unseen_characters/Mon_Mothma/000001.jpg,hero
data/unseen_characters/Mon_Mothma/000022.jpg,hero
data/unseen_characters/Mon_Mothma/000010.jpg,hero
data/unseen_characters/Mon_Mothma/000004.jpg,hero
data/unseen_characters/Mon_Mothma/000020.jpg,hero
data/unseen_characters/Mon_Mothma/000066.jpg,hero
data/unseen_characters/Mon_Mothma/000029.jpg,hero
data/unseen_characters/Mon_Mothma/000024.jpg,hero
data/unseen_characters/Mon_Mothma/000035.jpg,hero
data/unseen_characters/Mon_Mothma/000037.jpg,hero
data/unseen_characters/Mon_Mothma/000058.jpg,hero
data/unseen_characters/Mon_Mothma/000046.jpg,hero
data/unseen_characters/Mon_Mothma/000051.jpg,hero
data/unseen_characters/Mon_Mothma/000026.jpg,hero
data/unseen_characters/Mon_Mothma/000031.jpg,hero
data/unseen_characters/Mon_Mothma/000042.jpg,hero
data/unseen_characters/Mon_Mothma/000023.jpg,hero
data/unseen_characters/Mon_Mothma/000016.jpg,hero
data/unseen_characters/Mon_Mothma/000069.jpg,hero
data/unseen_characters/Mon_Mothma/000017.jpg,hero
data/unseen_characters/Mon_Mothma/000053.jpg,hero
data/unseen_characters/Mon_Mothma/000064.jpg,hero
data/unseen_characters/Mon_Mothma/000041.jpg,hero
data/unseen_characters/Mon_Mothma/000036.jpg,hero
data/unseen_characters/Mon_Mothma/000065.jpg,hero
data/unseen_characters/Mon_Mothma/000007.jpg,hero
data/unseen_characters/Mon_Mothma/000048.jpg,hero
data/unseen_characters/Mon_Mothma/000034.jpg,hero
data/unseen_characters/Mon_Mothma/000003.jpg,hero
data/unseen_characters/Mon_Mothma/000043.jpg,hero
data/unseen_characters/Mon_Mothma/000021.jpg,hero
data/unseen_characters/Mon_Mothma/000018.jpg,hero
data/unseen_characters/Mon_Mothma/000039.jpg,hero
data/unseen_characters/Mon_Mothma/000045.jpg,hero
data/unseen_characters/Mon_Mothma/000033.jpg,hero
data/unseen_characters/Mon_Mothma/000052.jpg,hero
data/unseen_characters/Mon_Mothma/000060.jpg,hero
data/unseen_characters/Mon_Mothma/000025.jpg,hero
data/unseen_characters/Mon_Mothma/000008.jpg,hero
data/unseen_characters/Mon_Mothma/000061.jpg,hero
data/unseen_characters/Mon_Mothma/000030.jpg,hero
data/unseen_characters/Mon_Mothma/000005.jpg,hero
data/unseen_characters/Mon_Mothma/000055.jpg,hero
data/unseen_characters/Mon_Mothma/000063.jpg,hero
data/unseen_characters/Mon_Mothma/000040.jpg,hero
data/unseen_characters/Mon_Mothma/000068.jpg,hero
data/unseen_characters/Mon_Mothma/000019.jpg,hero
data/unseen_characters/Princess_Leia/000073.jpg,hero
data/unseen_characters/Princess_Leia/000068.jpg,hero
data/unseen_characters/Princess_Leia/000036.jpg,hero
data/unseen_characters/Princess_Leia/000076.jpg,hero
data/unseen_characters/Princess_Leia/000023.jpg,hero
data/unseen_characters/Princess_Leia/000034.jpg,hero
data/unseen_characters/Princess_Leia/000072.jpg,hero
data/unseen_characters/Princess_Leia/000027.jpg,hero
data/unseen_characters/Princess_Leia/000003.jpg,hero
data/unseen_characters/Princess_Leia/000061.jpg,hero
data/unseen_characters/Princess_Leia/000002.jpg,hero
data/unseen_characters/Princess_Leia/000081.jpg,hero
data/unseen_characters/Princess_Leia/000005.jpg,hero
data/unseen_characters/Princess_Leia/000012.jpg,hero
data/unseen_characters/Princess_Leia/000029.jpg,hero
data/unseen_characters/Princess_Leia/000010.jpg,hero
data/unseen_characters/Princess_Leia/000074.jpg,hero
data/unseen_characters/Princess_Leia/000077.jpg,hero
data/unseen_characters/Princess_Leia/000070.jpg,hero
data/unseen_characters/Princess_Leia/000054.jpg,hero
data/unseen_characters/Princess_Leia/000038.jpg,hero
data/unseen_characters/Princess_Leia/000048.jpg,hero
data/unseen_characters/Princess_Leia/000014.jpg,hero
data/unseen_characters/Princess_Leia/000037.jpg,hero
data/unseen_characters/Princess_Leia/000017.jpg,hero
data/unseen_characters/Princess_Leia/000035.jpg,hero
data/unseen_characters/Princess_Leia/000006.jpg,hero
data/unseen_characters/Princess_Leia/000018.jpg,hero
data/unseen_characters/Princess_Leia/000042.jpg,hero
data/unseen_characters/Princess_Leia/000053.jpg,hero
data/unseen_characters/Princess_Leia/000004.jpg,hero
data/unseen_characters/Princess_Leia/000049.jpg,hero
data/unseen_characters/Princess_Leia/000075.jpg,hero
data/unseen_characters/Princess_Leia/000057.jpg,hero
data/unseen_characters/Princess_Leia/000059.jpg,hero
data/unseen_characters/Princess_Leia/000063.jpg,hero
data/unseen_characters/Princess_Leia/000021.jpg,hero
data/unseen_characters/Princess_Leia/000024.jpg,hero
data/unseen_characters/Princess_Leia/000056.jpg,hero
data/unseen_characters/Princess_Leia/000067.jpg,hero
data/unseen_characters/Princess_Leia/000011.jpg,hero
data/unseen_characters/Princess_Leia/000071.jpg,hero
data/unseen_characters/Princess_Leia/000082.jpg,hero
data/unseen_characters/Princess_Leia/000058.jpg,hero
data/unseen_characters/Princess_Leia/000020.jpg,hero
data/unseen_characters/Princess_Leia/000031.jpg,hero
data/unseen_characters/Princess_Leia/000050.jpg,hero
data/unseen_characters/Princess_Leia/000066.jpg,hero
data/unseen_characters/Princess_Leia/000045.jpg,hero
data/unseen_characters/Princess_Leia/000060.jpg,hero
data/unseen_characters/Princess_Leia/000040.jpg,hero
data/unseen_characters/Princess_Leia/000022.jpg,hero
data/unseen_characters/Princess_Leia/000015.jpg,hero
data/unseen_characters/Princess_Leia/000008.jpg,hero
data/unseen_characters/Princess_Leia/000069.jpg,hero
data/unseen_characters/Princess_Leia/000028.jpg,hero
data/unseen_characters/Princess_Leia/000001.jpg,hero
data/unseen_characters/Princess_Leia/000013.jpg,hero
data/unseen_characters/Princess_Leia/000064.jpg,hero
data/unseen_characters/Princess_Leia/000007.jpg,hero
data/unseen_characters/Princess_Leia/000043.jpg,hero
data/unseen_characters/Princess_Leia/000079.jpg,hero
data/unseen_characters/Princess_Leia/000016.jpg,hero
data/unseen_characters/Princess_Leia/000065.jpg,hero
data/unseen_characters/Princess_Leia/000080.jpg,hero
data/unseen_characters/Princess_Leia/000030.jpg,hero
data/unseen_characters/Princess_Leia/000033.jpg,hero
data/unseen_characters/Princess_Leia/000062.jpg,hero
data/unseen_characters/Princess_Leia/000026.jpg,hero
data/unseen_characters/Princess_Leia/000025.jpg,hero
data/unseen_characters/Princess_Leia/000044.jpg,hero
data/unseen_characters/Princess_Leia/000047.jpg,hero
data/unseen_characters/Princess_Leia/000041.jpg,hero
data/unseen_characters/Princess_Leia/000055.jpg,hero
data/unseen_characters/Princess_Leia/000039.jpg,hero
data/unseen_characters/Princess_Leia/000032.jpg,hero
data/unseen_characters/Princess_Leia/000019.jpg,hero
data/unseen_characters/Princess_Leia/000051.jpg,hero
data/unseen_characters/Princess_Leia/000052.jpg,hero
data/unseen_characters/Princess_Leia/000078.jpg,hero
data/unseen_characters/Princess_Leia/000009.jpg,hero
data/unseen_characters/Princess_Leia/000046.jpg,hero
data/unseen_characters/Captain_Phasma/000039.jpg,villain
data/unseen_characters/Captain_Phasma/000064.jpg,villain
data/unseen_characters/Captain_Phasma/000059.jpg,villain
data/unseen_characters/Captain_Phasma/000033.jpg,villain
data/unseen_characters/Captain_Phasma/000011.jpg,villain
data/unseen_characters/Captain_Phasma/000015.jpg,villain
data/unseen_characters/Captain_Phasma/000047.jpg,villain
data/unseen_characters/Captain_Phasma/000062.jpg,villain
data/unseen_characters/Captain_Phasma/000027.jpg,villain
data/unseen_characters/Captain_Phasma/000029.jpg,villain
data/unseen_characters/Captain_Phasma/000005.jpg,villain
data/unseen_characters/Captain_Phasma/000004.jpg,villain
data/unseen_characters/Captain_Phasma/000001.jpg,villain
data/unseen_characters/Captain_Phasma/000035.jpg,villain
data/unseen_characters/Captain_Phasma/000060.jpg,villain
data/unseen_characters/Captain_Phasma/000049.jpg,villain
data/unseen_characters/Captain_Phasma/000032.jpg,villain
data/unseen_characters/Captain_Phasma/000012.jpg,villain
data/unseen_characters/Captain_Phasma/000058.jpg,villain
data/unseen_characters/Captain_Phasma/000023.jpg,villain
data/unseen_characters/Captain_Phasma/000002.jpg,villain
data/unseen_characters/Captain_Phasma/000016.jpg,villain
data/unseen_characters/Captain_Phasma/000006.jpg,villain
data/unseen_characters/Captain_Phasma/000065.jpg,villain
data/unseen_characters/Captain_Phasma/000031.jpg,villain
data/unseen_characters/Captain_Phasma/000063.jpg,villain
data/unseen_characters/Captain_Phasma/000040.jpg,villain
data/unseen_characters/Captain_Phasma/000037.jpg,villain
data/unseen_characters/Captain_Phasma/000050.jpg,villain
data/unseen_characters/Captain_Phasma/000053.jpg,villain
data/unseen_characters/Captain_Phasma/000010.jpg,villain
data/unseen_characters/Captain_Phasma/000030.jpg,villain
data/unseen_characters/Captain_Phasma/000013.jpg,villain
data/unseen_characters/Captain_Phasma/000020.jpg,villain
data/unseen_characters/Captain_Phasma/000038.jpg,villain
data/unseen_characters/Captain_Phasma/000009.jpg,villain
data/unseen_characters/Captain_Phasma/000025.jpg,villain
data/unseen_characters/Captain_Phasma/000057.jpg,villain
data/unseen_characters/Captain_Phasma/000056.jpg,villain
data/unseen_characters/Captain_Phasma/000052.jpg,villain
data/unseen_characters/Captain_Phasma/000043.jpg,villain
data/unseen_characters/Captain_Phasma/000044.jpg,villain
data/unseen_characters/Captain_Phasma/000048.jpg,villain
data/unseen_characters/Captain_Phasma/000042.jpg,villain
data/unseen_characters/Captain_Phasma/000061.jpg,villain
data/unseen_characters/Captain_Phasma/000019.jpg,villain
data/unseen_characters/Captain_Phasma/000036.jpg,villain
data/unseen_characters/Captain_Phasma/000054.jpg,villain
data/unseen_characters/Captain_Phasma/000028.jpg,villain
data/unseen_characters/Captain_Phasma/000008.jpg,villain
data/unseen_characters/Captain_Phasma/000014.jpg,villain
data/unseen_characters/Captain_Phasma/000055.jpg,villain
data/unseen_characters/Captain_Phasma/000051.jpg,villain
data/unseen_characters/Captain_Phasma/000024.jpg,villain
data/unseen_characters/Captain_Phasma/000046.jpg,villain
data/unseen_characters/Captain_Phasma/000034.jpg,villain
data/unseen_characters/Captain_Phasma/000021.jpg,villain
data/unseen_characters/Captain_Phasma/000017.jpg,villain
data/unseen_characters/Captain_Phasma/000045.jpg,villain
data/unseen_characters/Captain_Phasma/000003.jpg,villain
data/unseen_characters/Captain_Phasma/000007.jpg,villain
data/unseen_characters/Captain_Phasma/000022.jpg,villain
data/unseen_characters/Captain_Phasma/000018.jpg,villain
data/unseen_characters/Captain_Phasma/000041.jpg,villain
data/unseen_characters/Captain_Phasma/000026.jpg,villain
data/unseen_characters/Darth_Sidious/000034.jpg,villain
data/unseen_characters/Darth_Sidious/000039.jpg,villain
data/unseen_characters/Darth_Sidious/000059.jpg,villain
data/unseen_characters/Darth_Sidious/000061.jpg,villain
data/unseen_characters/Darth_Sidious/000064.jpg,villain
data/unseen_characters/Darth_Sidious/000048.jpg,villain
data/unseen_characters/Darth_Sidious/000012.jpg,villain
data/unseen_characters/Darth_Sidious/000006.jpg,villain
data/unseen_characters/Darth_Sidious/000026.jpg,villain
data/unseen_characters/Darth_Sidious/000027.jpg,villain
data/unseen_characters/Darth_Sidious/000058.jpg,villain
data/unseen_characters/Darth_Sidious/000011.jpg,villain
data/unseen_characters/Darth_Sidious/000033.jpg,villain
data/unseen_characters/Darth_Sidious/000070.jpg,villain
data/unseen_characters/Darth_Sidious/000001.jpg,villain
data/unseen_characters/Darth_Sidious/000066.jpg,villain
data/unseen_characters/Darth_Sidious/000037.jpg,villain
data/unseen_characters/Darth_Sidious/000003.jpg,villain
data/unseen_characters/Darth_Sidious/000022.jpg,villain
data/unseen_characters/Darth_Sidious/000036.jpg,villain
data/unseen_characters/Darth_Sidious/000025.jpg,villain
data/unseen_characters/Darth_Sidious/000004.jpg,villain
data/unseen_characters/Darth_Sidious/000068.jpg,villain
data/unseen_characters/Darth_Sidious/000043.jpg,villain
data/unseen_characters/Darth_Sidious/000030.jpg,villain
data/unseen_characters/Darth_Sidious/000024.jpg,villain
data/unseen_characters/Darth_Sidious/000009.jpg,villain
data/unseen_characters/Darth_Sidious/000028.jpg,villain
data/unseen_characters/Darth_Sidious/000047.jpg,villain
data/unseen_characters/Darth_Sidious/000029.jpg,villain
data/unseen_characters/Darth_Sidious/000018.jpg,villain
data/unseen_characters/Darth_Sidious/000013.jpg,villain
data/unseen_characters/Darth_Sidious/000023.jpg,villain
data/unseen_characters/Darth_Sidious/000007.jpg,villain
data/unseen_characters/Darth_Sidious/000067.jpg,villain
data/unseen_characters/Darth_Sidious/000019.jpg,villain
data/unseen_characters/Darth_Sidious/000032.jpg,villain
data/unseen_characters/Darth_Sidious/000002.jpg,villain
data/unseen_characters/Darth_Sidious/000052.jpg,villain
data/unseen_characters/Darth_Sidious/000040.jpg,villain
data/unseen_characters/Darth_Sidious/000051.jpg,villain
data/unseen_characters/Darth_Sidious/000016.jpg,villain
data/unseen_characters/Darth_Sidious/000054.jpg,villain
data/unseen_characters/Darth_Sidious/000063.jpg,villain
data/unseen_characters/Darth_Sidious/000020.jpg,villain
data/unseen_characters/Darth_Sidious/000069.jpg,villain
data/unseen_characters/Darth_Sidious/000049.jpg,villain
data/unseen_characters/Darth_Sidious/000005.jpg,villain
data/unseen_characters/Darth_Sidious/000060.jpg,villain
data/unseen_characters/Darth_Sidious/000042.jpg,villain
data/unseen_characters/Darth_Sidious/000056.jpg,villain
data/unseen_characters/Darth_Sidious/000057.jpg,villain
data/unseen_characters/Darth_Sidious/000053.jpg,villain
data/unseen_characters/Darth_Sidious/000031.jpg,villain
data/unseen_characters/Darth_Sidious/000035.jpg,villain
data/unseen_characters/Darth_Sidious/000008.jpg,villain
data/unseen_characters/Darth_Sidious/000050.jpg,villain
data/unseen_characters/Darth_Sidious/000062.jpg,villain
data/unseen_characters/Darth_Sidious/000045.jpg,villain
data/unseen_characters/Darth_Sidious/000014.jpg,villain
data/unseen_characters/Darth_Sidious/000021.jpg,villain
data/unseen_characters/Darth_Sidious/000010.jpg,villain
data/unseen_characters/Darth_Sidious/000017.jpg,villain
data/unseen_characters/Darth_Sidious/000041.jpg,villain
data/unseen_characters/Darth_Sidious/000055.jpg,villain
data/unseen_characters/Darth_Sidious/000038.jpg,villain
data/unseen_characters/Darth_Sidious/000044.jpg,villain
data/unseen_characters/Darth_Sidious/000065.jpg,villain
data/unseen_characters/Darth_Sidious/000015.jpg,villain
data/unseen_characters/Darth_Sidious/000046.jpg,villain
data/unseen_characters/Kylo_Ren/000050.jpg,villain
data/unseen_characters/Kylo_Ren/000013.jpg,villain
data/unseen_characters/Kylo_Ren/000064.jpg,villain
data/unseen_characters/Kylo_Ren/000046.jpg,villain
data/unseen_characters/Kylo_Ren/000021.jpg,villain
data/unseen_characters/Kylo_Ren/000022.jpg,villain
data/unseen_characters/Kylo_Ren/000023.jpg,villain
data/unseen_characters/Kylo_Ren/000031.jpg,villain
data/unseen_characters/Kylo_Ren/000014.jpg,villain
data/unseen_characters/Kylo_Ren/000061.jpg,villain
data/unseen_characters/Kylo_Ren/000016.jpg,villain
data/unseen_characters/Kylo_Ren/000027.jpg,villain
data/unseen_characters/Kylo_Ren/000017.jpg,villain
data/unseen_characters/Kylo_Ren/000049.jpg,villain
data/unseen_characters/Kylo_Ren/000001.jpg,villain
data/unseen_characters/Kylo_Ren/000002.jpg,villain
data/unseen_characters/Kylo_Ren/000003.jpg,villain
data/unseen_characters/Kylo_Ren/000067.jpg,villain
data/unseen_characters/Kylo_Ren/000018.jpg,villain
data/unseen_characters/Kylo_Ren/000019.jpg,villain
data/unseen_characters/Kylo_Ren/000047.jpg,villain
data/unseen_characters/Kylo_Ren/000048.jpg,villain
data/unseen_characters/Kylo_Ren/000059.jpg,villain
data/unseen_characters/Kylo_Ren/000066.jpg,villain
data/unseen_characters/Kylo_Ren/000033.jpg,villain
data/unseen_characters/Kylo_Ren/000035.jpg,villain
data/unseen_characters/Kylo_Ren/000006.jpg,villain
data/unseen_characters/Kylo_Ren/000007.jpg,villain
data/unseen_characters/Kylo_Ren/000011.jpg,villain
data/unseen_characters/Kylo_Ren/000015.jpg,villain
data/unseen_characters/Kylo_Ren/000032.jpg,villain
data/unseen_characters/Kylo_Ren/000052.jpg,villain
data/unseen_characters/Kylo_Ren/000028.jpg,villain
data/unseen_characters/Kylo_Ren/000062.jpg,villain
data/unseen_characters/Kylo_Ren/000043.jpg,villain
data/unseen_characters/Kylo_Ren/000053.jpg,villain
data/unseen_characters/Kylo_Ren/000044.jpg,villain
data/unseen_characters/Kylo_Ren/000008.jpg,villain
data/unseen_characters/Kylo_Ren/000045.jpg,villain
data/unseen_characters/Kylo_Ren/000024.jpg,villain
data/unseen_characters/Kylo_Ren/000054.jpg,villain
data/unseen_characters/Kylo_Ren/000034.jpg,villain
data/unseen_characters/Kylo_Ren/000056.jpg,villain
data/unseen_characters/Kylo_Ren/000060.jpg,villain
data/unseen_characters/Kylo_Ren/000042.jpg,villain
data/unseen_characters/Kylo_Ren/000037.jpg,villain
data/unseen_characters/Kylo_Ren/000038.jpg,villain
data/unseen_characters/Kylo_Ren/000040.jpg,villain
data/unseen_characters/Kylo_Ren/000058.jpg,villain
data/unseen_characters/Kylo_Ren/000039.jpg,villain
data/unseen_characters/Kylo_Ren/000010.jpg,villain
data/unseen_characters/Kylo_Ren/000004.jpg,villain
data/unseen_characters/Kylo_Ren/000026.jpg,villain
data/unseen_characters/Kylo_Ren/000012.jpg,villain
data/unseen_characters/Kylo_Ren/000063.jpg,villain
data/unseen_characters/Kylo_Ren/000065.jpg,villain
data/unseen_characters/Kylo_Ren/000051.jpg,villain
data/unseen_characters/Kylo_Ren/000036.jpg,villain
data/unseen_characters/Kylo_Ren/000005.jpg,villain
data/unseen_characters/Kylo_Ren/000025.jpg,villain
data/unseen_characters/Kylo_Ren/000041.jpg,villain
data/unseen_characters/Kylo_Ren/000030.jpg,villain
data/unseen_characters/Kylo_Ren/000020.jpg,villain
data/unseen_characters/Kylo_Ren/000029.jpg,villain
data/unseen_characters/Kylo_Ren/000055.jpg,villain
data/unseen_characters/Kylo_Ren/000057.jpg,villain
data/unseen_characters/Kylo_Ren/000009.jpg,villain
data/unseen_characters/Stormtrooper/000007.jpg,villain
data/unseen_characters/Stormtrooper/000035.jpg,villain
data/unseen_characters/Stormtrooper/000042.jpg,villain
data/unseen_characters/Stormtrooper/000041.jpg,villain
data/unseen_characters/Stormtrooper/000014.jpg,villain
data/unseen_characters/Stormtrooper/000022.jpg,villain
data/unseen_characters/Stormtrooper/000027.jpg,villain
data/unseen_characters/Stormtrooper/000039.jpg,villain
data/unseen_characters/Stormtrooper/000001.jpg,villain
data/unseen_characters/Stormtrooper/000023.jpg,villain
data/unseen_characters/Stormtrooper/000016.jpg,villain
data/unseen_characters/Stormtrooper/000009.jpg,villain
data/unseen_characters/Stormtrooper/000017.jpg,villain
data/unseen_characters/Stormtrooper/000021.jpg,villain
data/unseen_characters/Stormtrooper/000030.jpg,villain
data/unseen_characters/Stormtrooper/000033.jpg,villain
data/unseen_characters/Stormtrooper/000008.jpg,villain
data/unseen_characters/Stormtrooper/000038.jpg,villain
data/unseen_characters/Stormtrooper/000034.jpg,villain
data/unseen_characters/Stormtrooper/000011.jpg,villain
data/unseen_characters/Stormtrooper/000019.jpg,villain
data/unseen_characters/Stormtrooper/000037.jpg,villain
data/unseen_characters/Stormtrooper/000028.jpg,villain
data/unseen_characters/Stormtrooper/000043.jpg,villain
data/unseen_characters/Stormtrooper/000006.jpg,villain
data/unseen_characters/Stormtrooper/000002.jpg,villain
data/unseen_characters/Stormtrooper/000018.jpg,villain
data/unseen_characters/Stormtrooper/000005.jpg,villain
data/unseen_characters/Stormtrooper/000026.jpg,villain
data/unseen_characters/Stormtrooper/000036.jpg,villain
data/unseen_characters/Stormtrooper/000004.jpg,villain
data/unseen_characters/Stormtrooper/000010.jpg,villain
data/unseen_characters/Stormtrooper/000025.jpg,villain
data/unseen_characters/Stormtrooper/000020.jpg,villain
data/unseen_characters/Stormtrooper/000032.jpg,villain
data/unseen_characters/Stormtrooper/000003.jpg,villain
data/unseen_characters/Stormtrooper/000015.jpg,villain
data/unseen_characters/Stormtrooper/000045.jpg,villain
data/unseen_characters/Stormtrooper/000031.jpg,villain
data/unseen_characters/Stormtrooper/000024.jpg,villain
data/unseen_characters/Stormtrooper/000012.jpg,villain
data/unseen_characters/Stormtrooper/000040.jpg,villain
data/unseen_characters/Stormtrooper/000029.jpg,villain
data/unseen_characters/Stormtrooper/000044.jpg,villain
data/unseen_characters/Stormtrooper/000013.jpg,villain
data/unseen_characters/Ziro_the_Hutt/000031.jpg,villain
data/unseen_characters/Ziro_the_Hutt/000024.jpg,villain
data/unseen_characters/Ziro_the_Hutt/000046.jpg,villain
data/unseen_characters/Ziro_the_Hutt/000040.jpg,villain
data/unseen_characters/Ziro_the_Hutt/000037.jpg,villain
data/unseen_characters/Ziro_the_Hutt/000049.jpg,villain
data/unseen_characters/Ziro_the_Hutt/000048.jpg,villain
data/unseen_characters/Ziro_the_Hutt/000036.jpg,villain
data/unseen_characters/Ziro_the_Hutt/000051.jpg,villain
data/unseen_characters/Ziro_the_Hutt/000025.jpg,villain
data/unseen_characters/Ziro_the_Hutt/000004.jpg,villain
data/unseen_characters/Ziro_the_Hutt/000028.jpg,villain
data/unseen_characters/Ziro_the_Hutt/000013.jpg,villain
data/unseen_characters/Ziro_the_Hutt/000009.jpg,villain
data/unseen_characters/Ziro_the_Hutt/000032.jpg,villain
data/unseen_characters/Ziro_the_Hutt/000001.jpg,villain
data/unseen_characters/Ziro_the_Hutt/000002.jpg,villain
data/unseen_characters/Ziro_the_Hutt/000010.jpg,villain
data/unseen_characters/Ziro_the_Hutt/000006.jpg,villain
data/unseen_characters/Ziro_the_Hutt/000021.jpg,villain
data/unseen_characters/Ziro_the_Hutt/000012.jpg,villain
data/unseen_characters/Ziro_the_Hutt/000019.jpg,villain
data/unseen_characters/Ziro_the_Hutt/000044.jpg,villain
data/unseen_characters/Ziro_the_Hutt/000039.jpg,villain
data/unseen_characters/Ziro_the_Hutt/000050.jpg,villain
data/unseen_characters/Ziro_the_Hutt/000015.jpg,villain
data/unseen_characters/Ziro_the_Hutt/000043.jpg,villain
data/unseen_characters/Ziro_the_Hutt/000018.jpg,villain
data/unseen_characters/Ziro_the_Hutt/000022.jpg,villain
data/unseen_characters/Ziro_the_Hutt/000016.jpg,villain
data/unseen_characters/Ziro_the_Hutt/000034.jpg,villain
data/unseen_characters/Ziro_the_Hutt/000023.jpg,villain
data/unseen_characters/Ziro_the_Hutt/000033.jpg,villain
data/unseen_characters/Ziro_the_Hutt/000008.jpg,villain
data/unseen_characters/Ziro_the_Hutt/000045.jpg,villain
data/unseen_characters/Ziro_the_Hutt/000014.jpg,villain
data/unseen_characters/Ziro_the_Hutt/000047.jpg,villain
data/unseen_characters/Ziro_the_Hutt/000020.jpg,villain
data/unseen_characters/Ziro_the_Hutt/000017.jpg,villain
data/unseen_characters/Ziro_the_Hutt/000011.jpg,villain
data/unseen_characters/Ziro_the_Hutt/000029.jpg,villain
data/unseen_characters/Ziro_the_Hutt/000005.jpg,villain
data/unseen_characters/Ziro_the_Hutt/000042.jpg,villain
data/unseen_characters/Ziro_the_Hutt/000007.jpg,villain
data/unseen_characters/Ziro_the_Hutt/000027.jpg,villain
data/unseen_characters/Ziro_the_Hutt/000003.jpg,villain
data/unseen_characters/Ziro_the_Hutt/000041.jpg,villain
data/unseen_characters/Ziro_the_Hutt/000030.jpg,villain
data/unseen_characters/Ziro_the_Hutt/000038.jpg,villain
data/unseen_characters/Ziro_the_Hutt/000035.jpg,villain
data/unseen_characters/Ziro_the_Hutt/000026.jpg,villain
